<?xml version="1.0"?>
						<manifest identifier="Manifest_2004-4a" version="1.1"
						          xmlns="http://www.imsproject.org/xsd/imscp_rootv1p1p2" 
						          xmlns:adlcp="http://www.adlnet.org/xsd/adlcp_rootv1p2"
						          xmlns:xsi="http://www.w3.org/2001/XMLSchema-instance" 
						          xsi:schemaLocation="http://www.imsproject.org/xsd/imscp_rootv1p1p2 imscp_rootv1p1p2.xsd 
						                              http://www.imsglobal.org/xsd/imsmd_rootv1p2p1 imsmd_rootv1p2p1.xsd 
						                              http://www.adlnet.org/xsd/adlcp_rootv1p2 adlcp_rootv1p2.xsd">  <metadata>
      <schema>ADL SCORM</schema>
      <schemaversion>1.2</schemaversion>
      <adlcp:location>courseMetadata.xml</adlcp:location>
   </metadata>
   <organizations default = "LINEAR">
      <organization identifier = "LINEAR">
         <title>CSS Positioning  </title>
         <item identifier ="ident001" identifierref ="ref001" isvisible = "true">
              <title>CSS Positioning  </title>
         </item>
      </organization>
   </organizations>
   <resources>
      <resource identifier ="ref001" type = "webcontent" adlcp:scormtype ="sco" href="CSS%20Positioning%20Methods%20-%20Storyline%20output/index_lms.html">
<file href = "CSS%20Positioning%20Methods%20-%20Storyline%20output/lms/AICCComm.html"/>
<file href = "CSS%20Positioning%20Methods%20-%20Storyline%20output/lms/AICCFunctions.js"/>
<file href = "CSS%20Positioning%20Methods%20-%20Storyline%20output/lms/API.js"/>
<file href = "CSS%20Positioning%20Methods%20-%20Storyline%20output/lms/APIConstants.js"/>
<file href = "CSS%20Positioning%20Methods%20-%20Storyline%20output/lms/blank.html"/>
<file href = "CSS%20Positioning%20Methods%20-%20Storyline%20output/lms/browsersniff.js"/>
<file href = "CSS%20Positioning%20Methods%20-%20Storyline%20output/lms/Configuration.js"/>
<file href = "CSS%20Positioning%20Methods%20-%20Storyline%20output/lms/goodbye.html"/>
<file href = "CSS%20Positioning%20Methods%20-%20Storyline%20output/lms/lms.js"/>
<file href = "CSS%20Positioning%20Methods%20-%20Storyline%20output/lms/LMSAPI.js"/>
<file href = "CSS%20Positioning%20Methods%20-%20Storyline%20output/lms/NONEFunctions.js"/>
<file href = "CSS%20Positioning%20Methods%20-%20Storyline%20output/lms/SCORM2004Functions.js"/>
<file href = "CSS%20Positioning%20Methods%20-%20Storyline%20output/lms/SCORMFunctions.js"/>
<file href = "CSS%20Positioning%20Methods%20-%20Storyline%20output/lms/UtilityFunctions.js"/>
<file href = "CSS%20Positioning%20Methods%20-%20Storyline%20output/story_content/slides/5aSkWTc3eNW.swf"/>
<file href = "CSS%20Positioning%20Methods%20-%20Storyline%20output/story_content/slides/5dM0E99SjYE.swf"/>
<file href = "CSS%20Positioning%20Methods%20-%20Storyline%20output/story_content/slides/5eY4EnjooiI.swf"/>
<file href = "CSS%20Positioning%20Methods%20-%20Storyline%20output/story_content/slides/5hchQ80cq1F.swf"/>
<file href = "CSS%20Positioning%20Methods%20-%20Storyline%20output/story_content/slides/5kCnOu4ISLt.swf"/>
<file href = "CSS%20Positioning%20Methods%20-%20Storyline%20output/story_content/slides/5pymVzQRXXJ.swf"/>
<file href = "CSS%20Positioning%20Methods%20-%20Storyline%20output/story_content/slides/5tVUNd07zS4.swf"/>
<file href = "CSS%20Positioning%20Methods%20-%20Storyline%20output/story_content/slides/5ywdaw7s2aK.swf"/>
<file href = "CSS%20Positioning%20Methods%20-%20Storyline%20output/story_content/slides/5ZiZ5noWrq3.swf"/>
<file href = "CSS%20Positioning%20Methods%20-%20Storyline%20output/story_content/slides/61iP5WVBN9x.swf"/>
<file href = "CSS%20Positioning%20Methods%20-%20Storyline%20output/story_content/slides/63Us53A2OTt.swf"/>
<file href = "CSS%20Positioning%20Methods%20-%20Storyline%20output/story_content/slides/643UTlNrklx.swf"/>
<file href = "CSS%20Positioning%20Methods%20-%20Storyline%20output/story_content/slides/6BSXiQ64oA9.swf"/>
<file href = "CSS%20Positioning%20Methods%20-%20Storyline%20output/story_content/slides/6DliRV23fn9.swf"/>
<file href = "CSS%20Positioning%20Methods%20-%20Storyline%20output/story_content/slides/6I7EoAxeHz5.swf"/>
<file href = "CSS%20Positioning%20Methods%20-%20Storyline%20output/story_content/slides/6IuxZt8OF8F.swf"/>
<file href = "CSS%20Positioning%20Methods%20-%20Storyline%20output/story_content/slides/6KyDjxOpZln.swf"/>
<file href = "CSS%20Positioning%20Methods%20-%20Storyline%20output/story_content/slides/6rf5ZEkbw6q.swf"/>
<file href = "CSS%20Positioning%20Methods%20-%20Storyline%20output/story_content/slides/6UCk6E0hD3F.swf"/>
<file href = "CSS%20Positioning%20Methods%20-%20Storyline%20output/story_content/slides/6VWKyx4GmTA.swf"/>
<file href = "CSS%20Positioning%20Methods%20-%20Storyline%20output/story_content/047bd513-0323-4f6b-9a0c-82290cc5f242.swf"/>
<file href = "CSS%20Positioning%20Methods%20-%20Storyline%20output/story_content/15793b60-ed87-4d64-b5f1-daed12cf9d56.swf"/>
<file href = "CSS%20Positioning%20Methods%20-%20Storyline%20output/story_content/209b6925-0df2-46d4-9e57-80de6bbc3e50.swf"/>
<file href = "CSS%20Positioning%20Methods%20-%20Storyline%20output/story_content/4eb64255-c519-4cc2-92fb-d49c2106a2a4.swf"/>
<file href = "CSS%20Positioning%20Methods%20-%20Storyline%20output/story_content/4faa6909-4e15-43fc-87ff-e1d500087880.swf"/>
<file href = "CSS%20Positioning%20Methods%20-%20Storyline%20output/story_content/5mhFNbFXrvh_80_DX574_DY574.swf"/>
<file href = "CSS%20Positioning%20Methods%20-%20Storyline%20output/story_content/5mhFNbFXrvh_80_P_0_14_287_14_DX574_DY574.swf"/>
<file href = "CSS%20Positioning%20Methods%20-%20Storyline%20output/story_content/5mhFNbFXrvh_80_P_0_8_287_20_DX574_DY574.swf"/>
<file href = "CSS%20Positioning%20Methods%20-%20Storyline%20output/story_content/65n83pkyOZj_22050_48.mp3"/>
<file href = "CSS%20Positioning%20Methods%20-%20Storyline%20output/story_content/664GSFDQPrq_80_DX222_DY222.swf"/>
<file href = "CSS%20Positioning%20Methods%20-%20Storyline%20output/story_content/67yTDYT3Q7V_22050_48.mp3"/>
<file href = "CSS%20Positioning%20Methods%20-%20Storyline%20output/story_content/6FDSy9R1YCf_22050_48.mp3"/>
<file href = "CSS%20Positioning%20Methods%20-%20Storyline%20output/story_content/6GRrjOFDLeq_22050_48.mp3"/>
<file href = "CSS%20Positioning%20Methods%20-%20Storyline%20output/story_content/6iDS8TvlyNH_22050_48.mp3"/>
<file href = "CSS%20Positioning%20Methods%20-%20Storyline%20output/story_content/6nFFSzrLfYi_22050_48.mp3"/>
<file href = "CSS%20Positioning%20Methods%20-%20Storyline%20output/story_content/6p1B7uyL68a_22050_48.mp3"/>
<file href = "CSS%20Positioning%20Methods%20-%20Storyline%20output/story_content/6UQYZPH3xFo_80_P_0_0_124_9_DX248_DY248.swf"/>
<file href = "CSS%20Positioning%20Methods%20-%20Storyline%20output/story_content/6UQYZPH3xFo_80_P_0_5_124_13_DX248_DY248.swf"/>
<file href = "CSS%20Positioning%20Methods%20-%20Storyline%20output/story_content/6Vu1H1WuiVp_22050_48.mp3"/>
<file href = "CSS%20Positioning%20Methods%20-%20Storyline%20output/story_content/ae485220-1f0d-43e6-89d6-645da43356fb.swf"/>
<file href = "CSS%20Positioning%20Methods%20-%20Storyline%20output/story_content/blank.html"/>
<file href = "CSS%20Positioning%20Methods%20-%20Storyline%20output/story_content/d5a1df09-9627-4f59-9833-80b6c49b75e2.swf"/>
<file href = "CSS%20Positioning%20Methods%20-%20Storyline%20output/story_content/data.swf"/>
<file href = "CSS%20Positioning%20Methods%20-%20Storyline%20output/story_content/FontFactory.swf"/>
<file href = "CSS%20Positioning%20Methods%20-%20Storyline%20output/story_content/fonts.swf"/>
<file href = "CSS%20Positioning%20Methods%20-%20Storyline%20output/story_content/frame.swf"/>
<file href = "CSS%20Positioning%20Methods%20-%20Storyline%20output/story_content/frame.xml"/>
<file href = "CSS%20Positioning%20Methods%20-%20Storyline%20output/story_content/orange_launch_normal.gif"/>
<file href = "CSS%20Positioning%20Methods%20-%20Storyline%20output/story_content/Shape5XL2EIk2bIg.swf"/>
<file href = "CSS%20Positioning%20Methods%20-%20Storyline%20output/story_content/Shape6fBCZ9FNrjQ.swf"/>
<file href = "CSS%20Positioning%20Methods%20-%20Storyline%20output/story_content/story.js"/>
<file href = "CSS%20Positioning%20Methods%20-%20Storyline%20output/story_content/thumbnail.jpg"/>
<file href = "CSS%20Positioning%20Methods%20-%20Storyline%20output/story_content/video_5f0fjDXg91p_20_48_1376x736.mp4"/>
<file href = "CSS%20Positioning%20Methods%20-%20Storyline%20output/story_content/video_5oXBHOkgdlc_20_48_1376x736.mp4"/>
<file href = "CSS%20Positioning%20Methods%20-%20Storyline%20output/story_content/video_6a9JFRRtDso_20_48_1376x736.mp4"/>
<file href = "CSS%20Positioning%20Methods%20-%20Storyline%20output/story_content/video_6naot6Qz0r0_20_48_1376x736.mp4"/>
<file href = "CSS%20Positioning%20Methods%20-%20Storyline%20output/adlcp_rootv1p2.xsd"/>
<file href = "CSS%20Positioning%20Methods%20-%20Storyline%20output/imscp_rootv1p1p2.xsd"/>
<file href = "CSS%20Positioning%20Methods%20-%20Storyline%20output/imsmanifest.xml"/>
<file href = "CSS%20Positioning%20Methods%20-%20Storyline%20output/imsmd_rootv1p2p1.xsd"/>
<file href = "CSS%20Positioning%20Methods%20-%20Storyline%20output/ims_xml.xsd"/>
<file href = "CSS%20Positioning%20Methods%20-%20Storyline%20output/index_lms.html"/>
<file href = "CSS%20Positioning%20Methods%20-%20Storyline%20output/launcher.html"/>
<file href = "CSS%20Positioning%20Methods%20-%20Storyline%20output/meta.xml"/>
<file href = "CSS%20Positioning%20Methods%20-%20Storyline%20output/story.html"/>
<file href = "CSS%20Positioning%20Methods%20-%20Storyline%20output/story.swf"/>
<file href = "adlcp_rootv1p2.xsd"/>
<file href = "courseMetadata.xml"/>
<file href = "imscp_rootv1p1p2.xsd"/>
<file href = "imsmd_rootv1p2p1.xsd"/>
<file href = "ims_xml.xsd"/>
      </resource>
   </resources>
</manifest>
