﻿<?xml version="1.0" encoding="utf-8"?><meta xmlns:xsi="http://www.w3.org/2001/XMLSchema-instance" xmlns:xsd="http://www.w3.org/2001/XMLSchema"><project id="6XF68UFUiNb" courseid="6HbWaTShH6f_course_id" thumburl="story_content/thumbnail.jpg" title="CSS Positioning Methods" datepublished="2015-01-15T21:02:27" version="1.0.0.0" flashdata="story_content/data.swf" html5data="mobile/data.js" mobiledata="mobile/data.gz" enabledownload="true" duration="About 12 minutes" totalaudio="104642" totalvideo="413537"><description>A short interactive course, to teach the learner the different positioning methods of the CSS language. The course includes a short quiz with useful user feedback. The course is aimed at first year undergraduate computing related students. </description><keywords /><slidemeta moniker="slide" monikerplural="slides" viewslides="20" slidecountdescription="20 slides" /><author name="Allison Nederveld" email="" website="http://abnederveld.com/" /><application name="Articulate Storyline" version="2.3.1412.922" xmlversion="3.0" /></project></meta>