<?xml version="1.0"?>
						<manifest identifier="Manifest_2004-4a" version="1.1"
						          xmlns="http://www.imsproject.org/xsd/imscp_rootv1p1p2" 
						          xmlns:adlcp="http://www.adlnet.org/xsd/adlcp_rootv1p2"
						          xmlns:xsi="http://www.w3.org/2001/XMLSchema-instance" 
						          xsi:schemaLocation="http://www.imsproject.org/xsd/imscp_rootv1p1p2 imscp_rootv1p1p2.xsd 
						                              http://www.imsglobal.org/xsd/imsmd_rootv1p2p1 imsmd_rootv1p2p1.xsd 
						                              http://www.adlnet.org/xsd/adlcp_rootv1p2 adlcp_rootv1p2.xsd">  <metadata>
      <schema>ADL SCORM</schema>
      <schemaversion>1.2</schemaversion>
      <adlcp:location>courseMetadata.xml</adlcp:location>
   </metadata>
   <organizations default = "LINEAR">
      <organization identifier = "LINEAR">
         <title>Basic Logic Gates </title>
         <item identifier ="ident001" identifierref ="ref001" isvisible = "true">
              <title>Basic Logic Gates </title>
         </item>
      </organization>
   </organizations>
   <resources>
      <resource identifier ="ref001" type = "webcontent" adlcp:scormtype ="sco" href="index_lms.html">
<file href = "lms/AICCComm.html"/>
<file href = "lms/AICCFunctions.js"/>
<file href = "lms/API.js"/>
<file href = "lms/APIConstants.js"/>
<file href = "lms/blank.html"/>
<file href = "lms/browsersniff.js"/>
<file href = "lms/Configuration.js"/>
<file href = "lms/goodbye.html"/>
<file href = "lms/lms.js"/>
<file href = "lms/LMSAPI.js"/>
<file href = "lms/NONEFunctions.js"/>
<file href = "lms/SCORM2004Functions.js"/>
<file href = "lms/SCORMFunctions.js"/>
<file href = "lms/UtilityFunctions.js"/>
<file href = "mobile/slides/5bzFx5EMmLN.js"/>
<file href = "mobile/slides/5c2Jsklmwro.js"/>
<file href = "mobile/slides/5daIB3Wd21V.js"/>
<file href = "mobile/slides/5daUdi1rmRp.js"/>
<file href = "mobile/slides/5fnMd9kR9oW.js"/>
<file href = "mobile/slides/5gJSkXsmSG2.js"/>
<file href = "mobile/slides/5jqUlDMky2n.js"/>
<file href = "mobile/slides/5o3QUL3eFSZ.js"/>
<file href = "mobile/slides/5oIXnjkaJpU.js"/>
<file href = "mobile/slides/5oKhvbdIvMQ.js"/>
<file href = "mobile/slides/5oS0WBZzCIC.js"/>
<file href = "mobile/slides/5pbQ7QRkL2Q.js"/>
<file href = "mobile/slides/5wQ6e0cgMuF.js"/>
<file href = "mobile/slides/5ydstDuvrof.js"/>
<file href = "mobile/slides/5YkXidhkkGI.js"/>
<file href = "mobile/slides/5z3xV9TzSgA.js"/>
<file href = "mobile/slides/61DBUWqPKV3.js"/>
<file href = "mobile/slides/62aUmIAfH6w.js"/>
<file href = "mobile/slides/63qVyQGOA9i.js"/>
<file href = "mobile/slides/649glne6sj7.js"/>
<file href = "mobile/slides/65T4j2dCzuY.js"/>
<file href = "mobile/slides/66JDYpcK5Jl.js"/>
<file href = "mobile/slides/69bf9NAKdNa.js"/>
<file href = "mobile/slides/6cCeAgQoSwy.js"/>
<file href = "mobile/slides/6DHsM2m4aTT.js"/>
<file href = "mobile/slides/6Drea1CYpOV.js"/>
<file href = "mobile/slides/6GlKEL8dLTu.js"/>
<file href = "mobile/slides/6iD7QK0lP8x.js"/>
<file href = "mobile/slides/6p12Ibioh0d.js"/>
<file href = "mobile/slides/6PqUoAwr9wl.js"/>
<file href = "mobile/slides/6RdXPqsu05C.js"/>
<file href = "mobile/slides/6rOdfE7c9Ur.js"/>
<file href = "mobile/slides/6SReMqCe6Oo.js"/>
<file href = "mobile/slides/6Vz90qFbNJt.js"/>
<file href = "mobile/slides/6Z1uMJtfOwE.js"/>
<file href = "mobile/5ihYlF1DPRH_80_DX236_DY236_CX118_CY63.png"/>
<file href = "mobile/5siPi7qyh4v_80_DX154_DY154_CX76_CY77.png"/>
<file href = "mobile/5VMudPDWEPk_80_DX240_DY240_CX120_CY63.png"/>
<file href = "mobile/5wpLi0Q7h2R_80_C1_DX992_DY992_CX340_CY255.jpg"/>
<file href = "mobile/5wpLi0Q7h2R_80_DX992_DY992_CX496_CY372.jpg"/>
<file href = "mobile/62U2C4Ezp8d_80_DX156_DY156_CX68_CY78.png"/>
<file href = "mobile/64BzKhrhHE0_80_DX252_DY252_CX43_CY56.png"/>
<file href = "mobile/64BzKhrhHE0_80_DX252_DY252_CX90_CY115.png"/>
<file href = "mobile/64BzKhrhHE0_80_DX252_DY252_CX97_CY125.png"/>
<file href = "mobile/64BzKhrhHE0_80_DX254_DY254_CX99_CY127.png"/>
<file href = "mobile/64ZetzX08DO_80_DX64_DY64_CX32_CY32.png"/>
<file href = "mobile/6crzL3CjDHi_80_DX240_DY240_CX120_CY74.png"/>
<file href = "mobile/6fi63lUQi4A_80_DX240_DY240_CX120_CY74.png"/>
<file href = "mobile/6fi63lUQi4A_80_P_26_0_70_74_DX240_DY240_CX120_CY74.png"/>
<file href = "mobile/6HC9n0IrnCQ_80_DX240_DY240_CX120_CY63.png"/>
<file href = "mobile/6maDfJFONSQ_80_DX240_DY240_CX120_CY74.png"/>
<file href = "mobile/6mhqsYv35oF_80_DX212_DY212_CX55_CY79.png"/>
<file href = "mobile/6mhqsYv35oF_80_DX212_DY212_CX73_CY106.png"/>
<file href = "mobile/6NWBPbyYy3A_Y_80_DX82_DY82_CX31_CY41.png"/>
<file href = "mobile/6SafdYA2gev_80_DX254_DY254_CX127_CY61.png"/>
<file href = "mobile/6TTB0hdKNh4_80_DX240_DY240_CX120_CY74.png"/>
<file href = "mobile/6TTB0hdKNh4_80_P_23_0_73_74_DX240_DY240_CX120_CY74.png"/>
<file href = "mobile/6WMAeCpgiyY_80_P_-401_-332_5390_5650_DX1550_DY1550_CX381_CY399.png"/>
<file href = "mobile/data.js"/>
<file href = "mobile/fonts.js"/>
<file href = "mobile/masks.js"/>
<file href = "mobile/player.css"/>
<file href = "mobile/player_compiled.js"/>
<file href = "story_content/slides/5bzFx5EMmLN.swf"/>
<file href = "story_content/slides/5c2Jsklmwro.swf"/>
<file href = "story_content/slides/5daIB3Wd21V.swf"/>
<file href = "story_content/slides/5daUdi1rmRp.swf"/>
<file href = "story_content/slides/5fnMd9kR9oW.swf"/>
<file href = "story_content/slides/5gJSkXsmSG2.swf"/>
<file href = "story_content/slides/5jqUlDMky2n.swf"/>
<file href = "story_content/slides/5o3QUL3eFSZ.swf"/>
<file href = "story_content/slides/5oIXnjkaJpU.swf"/>
<file href = "story_content/slides/5oKhvbdIvMQ.swf"/>
<file href = "story_content/slides/5oS0WBZzCIC.swf"/>
<file href = "story_content/slides/5pbQ7QRkL2Q.swf"/>
<file href = "story_content/slides/5wQ6e0cgMuF.swf"/>
<file href = "story_content/slides/5ydstDuvrof.swf"/>
<file href = "story_content/slides/5YkXidhkkGI.swf"/>
<file href = "story_content/slides/5z3xV9TzSgA.swf"/>
<file href = "story_content/slides/61DBUWqPKV3.swf"/>
<file href = "story_content/slides/62aUmIAfH6w.swf"/>
<file href = "story_content/slides/63qVyQGOA9i.swf"/>
<file href = "story_content/slides/649glne6sj7.swf"/>
<file href = "story_content/slides/65T4j2dCzuY.swf"/>
<file href = "story_content/slides/66JDYpcK5Jl.swf"/>
<file href = "story_content/slides/69bf9NAKdNa.swf"/>
<file href = "story_content/slides/6cCeAgQoSwy.swf"/>
<file href = "story_content/slides/6DHsM2m4aTT.swf"/>
<file href = "story_content/slides/6Drea1CYpOV.swf"/>
<file href = "story_content/slides/6GlKEL8dLTu.swf"/>
<file href = "story_content/slides/6iD7QK0lP8x.swf"/>
<file href = "story_content/slides/6p12Ibioh0d.swf"/>
<file href = "story_content/slides/6PqUoAwr9wl.swf"/>
<file href = "story_content/slides/6RdXPqsu05C.swf"/>
<file href = "story_content/slides/6rOdfE7c9Ur.swf"/>
<file href = "story_content/slides/6SReMqCe6Oo.swf"/>
<file href = "story_content/slides/6Vz90qFbNJt.swf"/>
<file href = "story_content/slides/6Z1uMJtfOwE.swf"/>
<file href = "story_content/5bctVw3XdW7_22050_48.mp3"/>
<file href = "story_content/5ihYlF1DPRH_80_DX236_DY236.swf"/>
<file href = "story_content/5nWIHVq56Jd_22050_48.mp3"/>
<file href = "story_content/5siPi7qyh4v_80_DX154_DY154.swf"/>
<file href = "story_content/5ux9JWtOk55_22050_48.mp3"/>
<file href = "story_content/5v3vO3qvuIo_22050_48.mp3"/>
<file href = "story_content/5VMudPDWEPk_80_DX240_DY240.swf"/>
<file href = "story_content/5wpLi0Q7h2R_80_C1_DX992_DY992.jpg"/>
<file href = "story_content/5wpLi0Q7h2R_80_DX992_DY992.jpg"/>
<file href = "story_content/5z2UjonwwJQ_22050_48.mp3"/>
<file href = "story_content/61vg5TehQkS_22050_48.mp3"/>
<file href = "story_content/62U2C4Ezp8d_80_DX156_DY156.swf"/>
<file href = "story_content/64BzKhrhHE0_80_DX252_DY252.swf"/>
<file href = "story_content/64BzKhrhHE0_80_DX254_DY254.swf"/>
<file href = "story_content/64ZetzX08DO_80_DX64_DY64.swf"/>
<file href = "story_content/67YmEk7QFmS_22050_48.mp3"/>
<file href = "story_content/6AM6R90HjG1_22050_48.mp3"/>
<file href = "story_content/6cdSXsEVP0L_22050_48.mp3"/>
<file href = "story_content/6CIeseiwFZh_22050_48.mp3"/>
<file href = "story_content/6co8xd7a6Ip_22050_48.mp3"/>
<file href = "story_content/6crzL3CjDHi_80_DX240_DY240.swf"/>
<file href = "story_content/6CSK09diI3C_22050_48.mp3"/>
<file href = "story_content/6E1P6RjrEPh_22050_48.mp3"/>
<file href = "story_content/6fi63lUQi4A_80_DX240_DY240.swf"/>
<file href = "story_content/6fi63lUQi4A_80_P_26_0_70_74_DX240_DY240.swf"/>
<file href = "story_content/6HC9n0IrnCQ_80_DX240_DY240.swf"/>
<file href = "story_content/6ig8v6ik7FR_22050_48.mp3"/>
<file href = "story_content/6jmq0MyBtUN_22050_48.mp3"/>
<file href = "story_content/6kBKuUn8k7X_22050_48.mp3"/>
<file href = "story_content/6maDfJFONSQ_80_DX240_DY240.swf"/>
<file href = "story_content/6Mb5E6QEmdH_22050_48.mp3"/>
<file href = "story_content/6mhqsYv35oF_80_DX212_DY212.swf"/>
<file href = "story_content/6NWBPbyYy3A_Y_80_DX82_DY82.swf"/>
<file href = "story_content/6ph7ZFMheLL_22050_48.mp3"/>
<file href = "story_content/6pIYiJ0rPZs_22050_48.mp3"/>
<file href = "story_content/6qFbit32l8h_22050_48.mp3"/>
<file href = "story_content/6SafdYA2gev_80_DX254_DY254.swf"/>
<file href = "story_content/6TTB0hdKNh4_80_DX240_DY240.swf"/>
<file href = "story_content/6TTB0hdKNh4_80_P_23_0_73_74_DX240_DY240.swf"/>
<file href = "story_content/6UoIljeC13B_22050_48.mp3"/>
<file href = "story_content/6W5RWPJl6og_22050_48.mp3"/>
<file href = "story_content/6WMAeCpgiyY_80_P_-401_-332_5390_5650_DX1550_DY1550.swf"/>
<file href = "story_content/6YRRx0OdgwQ_22050_48.mp3"/>
<file href = "story_content/blank.html"/>
<file href = "story_content/data.swf"/>
<file href = "story_content/FontFactory.swf"/>
<file href = "story_content/fonts.swf"/>
<file href = "story_content/frame.js"/>
<file href = "story_content/frame.swf"/>
<file href = "story_content/frame.xml"/>
<file href = "story_content/Shape5lH3O2BY7DJ.swf"/>
<file href = "story_content/Shape5wKPwfcIw8F.swf"/>
<file href = "story_content/Shape5xjnrZ9DqCb.swf"/>
<file href = "story_content/Shape5YgUs9vfCJC.swf"/>
<file href = "story_content/Shape67zDLN7tObE.swf"/>
<file href = "story_content/Shape6ehmovgc8OH.swf"/>
<file href = "story_content/Shape6KXXv3Pn0p8.swf"/>
<file href = "story_content/Shape6mt0hoNgn3Q.swf"/>
<file href = "story_content/Shape6PxwYfO9qI1.swf"/>
<file href = "story_content/Shape6RmI6PFoYTl.swf"/>
<file href = "story_content/Shape6X8vD9iP1fl.swf"/>
<file href = "story_content/story.js"/>
<file href = "story_content/thumbnail.jpg"/>
<file href = "story_content/user.js"/>
<file href = "adlcp_rootv1p2.xsd"/>
<file href = "courseMetadata.xml"/>
<file href = "imscp_rootv1p1p2.xsd"/>
<file href = "imsmd_rootv1p2p1.xsd"/>
<file href = "ims_xml.xsd"/>
<file href = "index_lms.html"/>
<file href = "index_lms_html5.html"/>
<file href = "meta.xml"/>
<file href = "story.html"/>
<file href = "story.swf"/>
<file href = "story_html5.html"/>
<file href = "story_unsupported.html"/>
      </resource>
   </resources>
</manifest>
