﻿<?xml version="1.0" encoding="utf-8"?><meta xmlns:xsi="http://www.w3.org/2001/XMLSchema-instance" xmlns:xsd="http://www.w3.org/2001/XMLSchema"><project id="62i6B6Itb54" courseid="6FaJgzJJ4XS_course_id" thumburl="story_content/thumbnail.jpg" title="Basic Logic Gates" datepublished="2015-03-14T18:39:38" version="1.0.0.0" flashdata="story_content/data.swf" html5data="mobile/data.js" mobiledata="mobile/data.gz" enabledownload="true" duration="About 7 minutes" totalaudio="287929" totalvideo="0"><description>A short course, to teach the learner how six basic digital logic gates functions by using interactive truth tables and Boolean notations. The learner knowledge is text through an interactive quiz, with useful user feedback. The course is aimed at first year undergraduate computing related students. 
</description><keywords /><slidemeta moniker="slide" monikerplural="slides" viewslides="35" slidecountdescription="35 slides" /><author name="11032_000" email="" website="" /><application name="Articulate Storyline" version="2.4.1501.717" xmlversion="3.0" /></project></meta>