<?xml version="1.0" encoding="utf-8"?>
<manifest identifier="_6o7cWkqDuPT_course_id" version="1.0" xmlns="http://www.imsproject.org/xsd/imscp_rootv1p1p2" xmlns:adlcp="http://www.adlnet.org/xsd/adlcp_rootv1p2" xmlns:xsi="http://www.w3.org/2001/XMLSchema-instance" xsi:schemaLocation="http://www.imsproject.org/xsd/imscp_rootv1p1p2 imscp_rootv1p1p2.xsd http://www.imsglobal.org/xsd/imsmd_rootv1p2p1 imsmd_rootv1p2p1.xsd http://www.adlnet.org/xsd/adlcp_rootv1p2 adlcp_rootv1p2.xsd">
	<metadata>
		<schema>ADL SCORM</schema>
		<schemaversion>1.2</schemaversion>
		<lom xmlns="http://www.imsglobal.org/xsd/imsmd_rootv1p2p1" xmlns:xsi="http://www.w3.org/2001/XMLSchema-instance" xsi:schemaLocation="http://www.imsglobal.org/xsd/imsmd_rootv1p2p1 imsmd_rootv1p2p1.xsd">
			<general>
				<title>
					<langstring xml:lang="x-none">Video Encoding Quiz</langstring>
				</title>
				<description>
					<langstring xml:lang="x-none">A short formative quiz, to test the learner on the basic of coding video encoding. Quiz aimed at 1st year computing related student and beginners of vide encoding. </langstring>
				</description>
				<keyword>
				  	<langstring xml:lang="x-none">Video Encoding Quiz, Author: Nasieba Anwar, Encoding video, codec, formats, delivery method, formative quiz, Audience: 1st year Computing Student, Audience: Higher Education, Audience: Beginners to video encoding, Rights: Reused in Manchester Metropolitan University as a RLO</langstring>
        			</keyword>
			</general>
			<lifecycle>
				<version>
					<langstring xml:lang="x-none">1</langstring>
				</version>
				<status>
					<source>
						<langstring xml:lang="x-none">LOMv1.0</langstring>
					</source>
					<value>
						<langstring xml:lang="x-none">Final</langstring>
					</value>
				</status>
			</lifecycle>
			<metametadata>
				<metadatascheme>ADL SCORM 1.2</metadatascheme>
			</metametadata>
			<educational>
				<typicallearningtime>
					<datetime>PT0H3M0S</datetime>
				</typicallearningtime>
			</educational>
			<rights>
				<cost>
					<source>
						<langstring xml:lang="x-none">LOMv1.0</langstring>
					</source>
					<value>
						<langstring xml:lang="x-none">yes</langstring>
					</value>
				</cost>
				<copyrightandotherrestrictions>
					<source>
						<langstring xml:lang="x-none">LOMv1.0</langstring>
					</source>
					<value>
						<langstring xml:lang="x-none">yes</langstring>
					</value>
				</copyrightandotherrestrictions>
			</rights>
		</lom>
	</metadata>
	<organizations default="Video_Encoding_Quiz_ORG">
		<organization identifier="Video_Encoding_Quiz_ORG">
			<title>Video Encoding Quiz</title>
			<item identifier="Video_Encoding_quiz_SCO" isvisible="true" identifierref="__6o7cWkqDuPT_course_id_RES">
				<title>Video Encoding Quiz</title>
				<adlcp:masteryscore>60</adlcp:masteryscore>
			</item>
		</organization>
	</organizations>
	<resources>
	    <resource identifier="__6o7cWkqDuPT_course_id_RES" type="webcontent" href="index_lms.html" adlcp:scormtype="sco">
		<file href="story_content/thumbnail.jpg"/>
<file href="meta.xml"/>
<file href="story_content/frame.xml"/>
<file href="story_content/frame.js"/>
<file href="story_content/user.js"/>
<file href="story_unsupported.html"/>
<file href="mobile/player.css"/>
<file href="mobile/player_compiled.js"/>
<file href="story_content/FontFactory.swf"/>
<file href="story_content/fonts.swf"/>
<file href="mobile/fonts.js"/>
<file href="story.swf"/>
<file href="story_content/frame.swf"/>
<file href="story_content/slides/5kxz1lnihRn.swf"/>
<file href="story_content/slides/6nTENcZKvjN.swf"/>
<file href="story_content/slides/6omaSgKVKjt.swf"/>
<file href="story_content/slides/5liMfMijTkh.swf"/>
<file href="story_content/slides/62jFAfHkciv.swf"/>
<file href="story_content/slides/6nMQ74pNuY5.swf"/>
<file href="mobile/slides/5kxz1lnihRn.js"/>
<file href="mobile/slides/6omaSgKVKjt.js"/>
<file href="mobile/slides/6nMQ74pNuY5.js"/>
<file href="mobile/slides/5liMfMijTkh.js"/>
<file href="mobile/slides/6nTENcZKvjN.js"/>
<file href="story_content/slides/6px4dy2CqdB.swf"/>
<file href="mobile/slides/62jFAfHkciv.js"/>
<file href="story_content/slides/5lJgLSZECz6.swf"/>
<file href="story_content/slides/6a655KfXXTX.swf"/>
<file href="story_content/slides/676YFaJntID.swf"/>
<file href="mobile/slides/6px4dy2CqdB.js"/>
<file href="mobile/slides/6a655KfXXTX.js"/>
<file href="mobile/slides/5lJgLSZECz6.js"/>
<file href="mobile/slides/676YFaJntID.js"/>
<file href="story_content/data.swf"/>
<file href="mobile/data.js"/>
<file href="mobile/masks.js"/>
<file href="story.html"/>
<file href="story_html5.html"/>
<file href="index_lms_html5.html"/>
<file href="story_content/blank.html"/>
<file href="story_content/story.js"/>
<file href="index_lms.html"/>
<file href="lms/AICCComm.html"/>
<file href="lms/AICCFunctions.js"/>
<file href="lms/API.js"/>
<file href="lms/APIConstants.js"/>
<file href="lms/blank.html"/>
<file href="lms/browsersniff.js"/>
<file href="lms/Configuration.js"/>
<file href="lms/goodbye.html"/>
<file href="lms/lms.js"/>
<file href="lms/LMSAPI.js"/>
<file href="lms/NONEFunctions.js"/>
<file href="lms/SCORM2004Functions.js"/>
<file href="lms/SCORMFunctions.js"/>
<file href="lms/UtilityFunctions.js"/>
	    </resource>
	</resources>
</manifest>
