﻿<?xml version="1.0" encoding="utf-8"?><meta xmlns:xsi="http://www.w3.org/2001/XMLSchema-instance" xmlns:xsd="http://www.w3.org/2001/XMLSchema"><project id="5zEGh18vxPM" courseid="6o7cWkqDuPT_course_id" thumburl="story_content/thumbnail.jpg" title="Video Encoding Quiz" datepublished="2014-12-21T22:20:51" version="1.0.0.0" flashdata="story_content/data.swf" html5data="mobile/data.js" mobiledata="mobile/data.gz" enabledownload="true" duration="About 50 seconds" totalaudio="0" totalvideo="0"><description>A short formative quiz, to test the learner on the basic of coding video encoding. Quiz aimed at 1st year computing related student and beginners of vide encoding. </description><keywords>Video Encoding Quiz, Author: Nasieba Anwar, Encoding video, codec, formats, delivery method, formative quiz, Audience: 1st year Computing Student, Audience: Higher Education, Audience: Beginners to video encoding, Rights: Reused in Manchester Metropolitan University as a RLO</keywords><slidemeta moniker="slide" monikerplural="slides" viewslides="10" slidecountdescription="10 slides" /><author name="11032_000" email="" website="" /><application name="Articulate Storyline" version="2.3.1412.922" xmlversion="3.0" /></project></meta>