<?xml version="1.0"?>
						<manifest identifier="Manifest_2004-4a" version="1.1"
						          xmlns="http://www.imsproject.org/xsd/imscp_rootv1p1p2" 
						          xmlns:adlcp="http://www.adlnet.org/xsd/adlcp_rootv1p2"
						          xmlns:xsi="http://www.w3.org/2001/XMLSchema-instance" 
						          xsi:schemaLocation="http://www.imsproject.org/xsd/imscp_rootv1p1p2 imscp_rootv1p1p2.xsd 
						                              http://www.imsglobal.org/xsd/imsmd_rootv1p2p1 imsmd_rootv1p2p1.xsd 
						                              http://www.adlnet.org/xsd/adlcp_rootv1p2 adlcp_rootv1p2.xsd">  <metadata>
      <schema>ADL SCORM</schema>
      <schemaversion>1.2</schemaversion>
      <adlcp:location>courseMetadata.xml</adlcp:location>
   </metadata>
   <organizations default = "LINEAR">
      <organization identifier = "LINEAR">
         <title>PHP ? Do while loop</title>
         <item identifier ="ident001" identifierref ="ref001" isvisible = "true">
              <title>PHP ? Do while loop</title>
         </item>
      </organization>
   </organizations>
   <resources>
      <resource identifier ="ref001" type = "webcontent" adlcp:scormtype ="sco" href="PHP%20beginners%20tutorial%2020%20-%20do%20while%20loop.mp4">
<file href = "adlcp_rootv1p2.xsd"/>
<file href = "courseMetadata.xml"/>
<file href = "imscp_rootv1p1p2.xsd"/>
<file href = "imsmd_rootv1p2p1.xsd"/>
<file href = "ims_xml.xsd"/>
<file href = "PHP%20beginners%20tutorial%2020%20-%20do%20while%20loop.mp4"/>
<file href = "Thumbs.db"/>
      </resource>
   </resources>
</manifest>
