<?xml version="1.0"?>
<lom xmlns="http://www.imsglobal.org/xsd/imsmd_rootv1p2p1"
xmlns:xsi ="http://www.w3.org/2001/XMLSchema-instance"
xsi:schemaLocation="http://www.imsglobal.org/xsd/imsmd_rootv1p2p1 imsmd_rootv1p2p1.xsd">
<general>
  <title>
     <langstring xml:lang="x-none">PHP Connect to My SQL</langstring>
  </title>
  <catalogentry>
     <catalog>TBD</catalog>
     <entry>
        <langstring xml:lang="x-none">TBD</langstring>
     </entry>
  </catalogentry>
  <description>
     <langstring xml:lang="x-none">A short screencast video tutorial, teaching the learner how to connect to a MySQL database using PHP. The tutorial is aim at beginners of PHP. </langstring>
  </description>
            <keyword>
     <langstring xml:lang="x-none">Connect to MySQL Database using PHP</langstring>            </keyword>
            <keyword>
     <langstring xml:lang="x-none">Author: River City Graphix</langstring>            </keyword>
            <keyword>
     <langstring xml:lang="x-none">http://www.youtube.com/RCGTutorials</langstring>            </keyword>
            <keyword>
     <langstring xml:lang="x-none">PHP</langstring>            </keyword>
            <keyword>
     <langstring xml:lang="x-none">MySQL</langstring>            </keyword>
            <keyword>
     <langstring xml:lang="x-none">Tutorial</langstring>            </keyword>
            <keyword>
     <langstring xml:lang="x-none">Screencast Video</langstring>            </keyword>
            <keyword>
     <langstring xml:lang="x-none">RLO</langstring>            </keyword>
            <keyword>
     <langstring xml:lang="x-none">ELearning</langstring>            </keyword>
            <keyword>
     <langstring xml:lang="x-none">Audience: 1st year Computing Student</langstring>            </keyword>
            <keyword>
     <langstring xml:lang="x-none">Audience: Higher Education</langstring>            </keyword>
            <keyword>
     <langstring xml:lang="x-none">Audience: PHP Beginners</langstring>            </keyword>
            <keyword>
     <langstring xml:lang="x-none">Rights: Reused in Manchester Metropolitan University as a RLO.</langstring>            </keyword>
</general>
<lifecycle>
  <version>
     <langstring xml:lang="x-none">1.0</langstring>
  </version>
  <status>
        <source>
           <langstring xml:lang="x-none">LOMv1.0</langstring>
        </source>
        <value>
           <langstring xml:lang="x-none">Final</langstring>
        </value>
  </status>
</lifecycle>
<metametadata>
  <metadatascheme>LOM-1.0</metadatascheme>
</metametadata>
<technical>
  <format>graphics/gif</format>
  <format>graphics/jpg</format>
  <format>text/html</format>
  <location>./</location>
</technical>
<rights>
 <cost>
       <source>
          <langstring xml:lang="x-none">LOMv1.0</langstring>
       </source>
       <value>
          <langstring xml:lang="x-none">no</langstring>
       </value>
 </cost>
 <copyrightandotherrestrictions>
       <source>
          <langstring xml:lang="x-none">LOMv1.0</langstring>
       </source>
       <value>
          <langstring xml:lang="x-none">yes</langstring>
       </value>
 </copyrightandotherrestrictions>
 <description>
    <langstring xml:lang="x-none">All rights reserved</langstring>
 </description>
</rights>
<classification>
 <purpose>
       <source>
          <langstring xml:lang="x-none">LOMv1.0</langstring>
       </source>
       <value>
          <langstring xml:lang="x-none">Educational Objective</langstring>
       </value>
 </purpose>
 <description>
    <langstring xml:lang="x-none">Learning Content</langstring>
 </description>
 <keyword>
    <langstring xml:lang="x-none">Connect to MySQL Database using PHP, Author: River City Graphix, http://www.youtube.com/RCGTutorials, PHP, MySQL, Tutorial, Screencast Video, RLO, ELearning, Audience: 1st year Computing Student, Audience: Higher Education, Audience: PHP Beginners, Rights: Reused in Manchester Metropolitan University as a RLO. </langstring>
 </keyword>
</classification>
</lom>
