﻿<?xml version="1.0"?>
<lom xmlns="http://www.imsglobal.org/xsd/imsmd_rootv1p2p1"
xmlns:xsi ="http://www.w3.org/2001/XMLSchema-instance"
xsi:schemaLocation="http://www.imsglobal.org/xsd/imsmd_rootv1p2p1 imsmd_rootv1p2p1.xsd">
<general>
  <title>
     <langstring xml:lang="x-none"> Video Encoding 101</langstring>
  </title>
  <catalogentry>
     <catalog>TBD</catalog>
     <entry>
        <langstring xml:lang="x-none">TBD</langstring>
     </entry>
  </catalogentry>
  <description>
     <langstring xml:lang="x-none">A short video explain the basics of video encoding from codecs and formats to settings to publishing.</langstring>
  </description>
            <keyword>
     <langstring xml:lang="x-none">Encoding</langstring>            </keyword>
            <keyword>
     <langstring xml:lang="x-none">Author: Sorenson Media</langstring>            </keyword>
            <keyword>
     <langstring xml:lang="x-none">https://www.youtube.com/watch?v=2cbXxyr0DCY</langstring>            </keyword>
            <keyword>
     <langstring xml:lang="x-none">Encoding video</langstring>            </keyword>
            <keyword>
     <langstring xml:lang="x-none">codec</langstring>            </keyword>
            <keyword>
     <langstring xml:lang="x-none">formats</langstring>            </keyword>
            <keyword>
     <langstring xml:lang="x-none">delivery method</langstring>            </keyword>
            <keyword>
     <langstring xml:lang="x-none">video</langstring>            </keyword>
            <keyword>
     <langstring xml:lang="x-none">Audience: 1st year Computing Student</langstring>            </keyword>
            <keyword>
     <langstring xml:lang="x-none">Audience: Higher Education</langstring>            </keyword>
            <keyword>
     <langstring xml:lang="x-none">Audience: Beginners to video encoding</langstring>            </keyword>
            <keyword>
     <langstring xml:lang="x-none">Rights: Reused in Manchester Metropolitan University as a RLO</langstring>            </keyword>
</general>
<lifecycle>
  <version>
     <langstring xml:lang="x-none">1.0</langstring>
  </version>
  <status>
        <source>
           <langstring xml:lang="x-none">LOMv1.0</langstring>
        </source>
        <value>
           <langstring xml:lang="x-none">Final</langstring>
        </value>
  </status>
</lifecycle>
<metametadata>
  <metadatascheme>LOM-1.0</metadatascheme>
</metametadata>
<technical>
  <format>graphics/gif</format>
  <format>graphics/jpg</format>
  <format>text/html</format>
  <location>./</location>
</technical>
<rights>
 <cost>
       <source>
          <langstring xml:lang="x-none">LOMv1.0</langstring>
       </source>
       <value>
          <langstring xml:lang="x-none">no</langstring>
       </value>
 </cost>
 <copyrightandotherrestrictions>
       <source>
          <langstring xml:lang="x-none">LOMv1.0</langstring>
       </source>
       <value>
          <langstring xml:lang="x-none">yes</langstring>
       </value>
 </copyrightandotherrestrictions>
 <description>
    <langstring xml:lang="x-none">All rights reserved</langstring>
 </description>
</rights>
<classification>
 <purpose>
       <source>
          <langstring xml:lang="x-none">LOMv1.0</langstring>
       </source>
       <value>
          <langstring xml:lang="x-none">Educational Objective</langstring>
       </value>
 </purpose>
 <description>
    <langstring xml:lang="x-none">Learning Content</langstring>
 </description>
 <keyword>
    <langstring xml:lang="x-none">Encoding, Author: Sorenson Media, https://www.youtube.com/watch?v=2cbXxyr0DCY, Encoding video, codec, formats, delivery method, video, Audience: 1st year Computing Student, Audience: Higher Education, Audience: Beginners to video encoding, Rights: Reused in Manchester Metropolitan University as a RLO</langstring>
 </keyword>
</classification>
</lom>
