﻿<?xml version="1.0"?>
						<manifest identifier="Manifest_2004-4a" version="1.1"
						          xmlns="http://www.imsproject.org/xsd/imscp_rootv1p1p2" 
						          xmlns:adlcp="http://www.adlnet.org/xsd/adlcp_rootv1p2"
						          xmlns:xsi="http://www.w3.org/2001/XMLSchema-instance" 
						          xsi:schemaLocation="http://www.imsproject.org/xsd/imscp_rootv1p1p2 imscp_rootv1p1p2.xsd 
						                              http://www.imsglobal.org/xsd/imsmd_rootv1p2p1 imsmd_rootv1p2p1.xsd 
						                              http://www.adlnet.org/xsd/adlcp_rootv1p2 adlcp_rootv1p2.xsd">  <metadata>
      <schema>ADL SCORM</schema>
      <schemaversion>1.2</schemaversion>
      <adlcp:location>courseMetadata.xml</adlcp:location>
   </metadata>
   <organizations default = "LINEAR">
      <organization identifier = "LINEAR">
         <title> Video Encoding 101</title>
         <item identifier ="ident001" identifierref ="ref001" isvisible = "true">
              <title> Video Encoding 101</title>
         </item>
      </organization>
   </organizations>
   <resources>
      <resource identifier ="ref001" type = "webcontent" adlcp:scormtype ="sco" href="Encoding%20101%20-%20learn%20the%20basics%20of%20video%20encoding.mp4">
<file href = "Encoding101%20quiz%20output/lms/AICCComm.html"/>
<file href = "Encoding101%20quiz%20output/lms/AICCFunctions.js"/>
<file href = "Encoding101%20quiz%20output/lms/API.js"/>
<file href = "Encoding101%20quiz%20output/lms/APIConstants.js"/>
<file href = "Encoding101%20quiz%20output/lms/blank.html"/>
<file href = "Encoding101%20quiz%20output/lms/browsersniff.js"/>
<file href = "Encoding101%20quiz%20output/lms/Configuration.js"/>
<file href = "Encoding101%20quiz%20output/lms/goodbye.html"/>
<file href = "Encoding101%20quiz%20output/lms/lms.js"/>
<file href = "Encoding101%20quiz%20output/lms/LMSAPI.js"/>
<file href = "Encoding101%20quiz%20output/lms/NONEFunctions.js"/>
<file href = "Encoding101%20quiz%20output/lms/SCORM2004Functions.js"/>
<file href = "Encoding101%20quiz%20output/lms/SCORMFunctions.js"/>
<file href = "Encoding101%20quiz%20output/lms/UtilityFunctions.js"/>
<file href = "Encoding101%20quiz%20output/story_content/slides/5lJgLSZECz6.swf"/>
<file href = "Encoding101%20quiz%20output/story_content/slides/6a655KfXXTX.swf"/>
<file href = "Encoding101%20quiz%20output/story_content/slides/6nTENcZKvjN.swf"/>
<file href = "Encoding101%20quiz%20output/story_content/slides/6omaSgKVKjt.swf"/>
<file href = "Encoding101%20quiz%20output/story_content/slides/6px4dy2CqdB.swf"/>
<file href = "Encoding101%20quiz%20output/story_content/slides/6QrSZFHQQty.swf"/>
<file href = "Encoding101%20quiz%20output/story_content/blank.html"/>
<file href = "Encoding101%20quiz%20output/story_content/data.swf"/>
<file href = "Encoding101%20quiz%20output/story_content/fonts.swf"/>
<file href = "Encoding101%20quiz%20output/story_content/frame.swf"/>
<file href = "Encoding101%20quiz%20output/story_content/frame.xml"/>
<file href = "Encoding101%20quiz%20output/story_content/story.js"/>
<file href = "Encoding101%20quiz%20output/story_content/thumbnail.jpg"/>
<file href = "Encoding101%20quiz%20output/adlcp_rootv1p2.xsd"/>
<file href = "Encoding101%20quiz%20output/imscp_rootv1p1p2.xsd"/>
<file href = "Encoding101%20quiz%20output/imsmanifest.xml"/>
<file href = "Encoding101%20quiz%20output/imsmd_rootv1p2p1.xsd"/>
<file href = "Encoding101%20quiz%20output/ims_xml.xsd"/>
<file href = "Encoding101%20quiz%20output/index_lms.html"/>
<file href = "Encoding101%20quiz%20output/meta.xml"/>
<file href = "Encoding101%20quiz%20output/story.html"/>
<file href = "Encoding101%20quiz%20output/story.swf"/>
<file href = "adlcp_rootv1p2.xsd"/>
<file href = "courseMetadata.xml"/>
<file href = "Encoding%20101%20-%20learn%20the%20basics%20of%20video%20encoding.mp4"/>
<file href = "Encoding101%20quiz.story"/>
<file href = "imscp_rootv1p1p2.xsd"/>
<file href = "imsmd_rootv1p2p1.xsd"/>
<file href = "ims_xml.xsd"/>
<file href = "Thumbs.db"/>
      </resource>
   </resources>
</manifest>
